{"schema_filter":["LOAN","DWH"],"time":"Fri Aug 23 12:48:20 EDT 2019","user":"afazio","dependencies":[{"ddl":{"schema":"DWH","name":"T3","type":"TABLE"},"dependencies":[]},{"ddl":{"schema":"DWH","name":"SYN_TEST_2_SYNONYM","type":"SYNONYM"},"dependencies":[{"schema":"DWH","name":"SYN_TEST_2","type":"TABLE","symbol":"<DB>"}]},{"ddl":{"schema":"DWH","name":"SYN_TEST_2","type":"TABLE"},"dependencies":[]},{"ddl":{"schema":"DWH","name":"LOAN_CUSTOMER_PERSON","type":"TABLE"},"dependencies":[]},{"ddl":{"schema":"DWH","name":"LOAN_CUSTOMER_CORPORATE","type":"TABLE"},"dependencies":[]},{"ddl":{"schema":"DWH","name":"SQUIRREL_GET_ERROR_OFFSET","type":"FUNCTION"},"dependencies":[]},{"ddl":{"schema":"DWH","name":"T1","type":"TABLE"},"dependencies":[]},{"ddl":{"schema":"DWH","name":"X","type":"VIEW"},"dependencies":[]},{"ddl":{"schema":"DWH","name":"LOAN_CUSTOMER","type":"TABLE"},"dependencies":[]},{"ddl":{"schema":"DWH","name":"CD_GENDER","type":"TABLE"},"dependencies":[]},{"ddl":{"schema":"DWH","name":"TESTPKG","type":"PACKAGE"},"dependencies":[]},{"ddl":{"schema":"DWH","name":"CD_COUNTRY","type":"TABLE"},"dependencies":[]},{"ddl":{"schema":"DWH","name":"REP_CLIENT_VIEW","type":"VIEW"},"dependencies":[{"schema":"DWH","name":"REP_CLIENT_SYN","type":"SYNONYM","symbol":"<DB>"}]},{"ddl":{"schema":"DWH","name":"IMPORT_CRM","type":"PACKAGE_BODY"},"dependencies":[{"schema":"DWH","name":"CD_COUNTRY","type":"TABLE","symbol":"<DB>"},{"schema":"DWH","name":"PARTY","type":"TABLE","symbol":"<DB>"},{"schema":"DWH","name":"IMPORT_CRM","type":"PACKAGE","symbol":"<DB>"},{"schema":"DWH","name":"SEQ_PARTY_KEY","type":"SEQUENCE","symbol":"<DB>"},{"schema":"DWH","name":"CRM_CLIENT","type":"TABLE","symbol":"<DB>"}]},{"ddl":{"schema":"DWH","name":"TEST_TL","type":"PACKAGE_BODY"},"dependencies":[{"schema":"DWH","name":"TEST_TL_FNC1","type":"FUNCTION","symbol":"<DB>"},{"schema":"DWH","name":"TEST_TL","type":"PACKAGE","symbol":"<DB>"},{"schema":"DWH","name":"TEST_TL_FNC2","type":"FUNCTION","symbol":"<DB>"},{"schema":"DWH","name":"TEST_TL_FNC3","type":"FUNCTION","symbol":"<DB>"},{"schema":"DWH","name":"TL_TEST_1","type":"TABLE","symbol":"<DB>"},{"schema":"DWH","name":"TL_TEST_2","type":"TABLE","symbol":"<DB>"}]},{"ddl":{"schema":"DWH","name":"LOAN_PAYMENT","type":"TABLE"},"dependencies":[]},{"ddl":{"schema":"DWH","name":"REP_CLIENT_SYN","type":"SYNONYM"},"dependencies":[{"schema":"DWH","name":"REP_CLIENT","type":"TABLE","symbol":"<DB>"}]},{"ddl":{"schema":"DWH","name":"TEST_SYNONYMS","type":"PACKAGE"},"dependencies":[]},{"ddl":{"schema":"DWH","name":"TEST_TL_FNC2","type":"FUNCTION"},"dependencies":[]},{"ddl":{"schema":"DWH","name":"REP_CLIENT","type":"TABLE"},"dependencies":[]},{"ddl":{"schema":"DWH","name":"T43","type":"TABLE"},"dependencies":[]},{"ddl":{"schema":"DWH","name":"LOAD_LOG","type":"TABLE"},"dependencies":[]},{"ddl":{"schema":"LOAN","name":"CONTRACTS","type":"TABLE"},"dependencies":[]},{"ddl":{"schema":"DWH","name":"TL_TEST_1","type":"TABLE"},"dependencies":[]},{"ddl":{"schema":"DWH","name":"HISTORIZATION","type":"PACKAGE_BODY"},"dependencies":[{"schema":"DWH","name":"PARTY_H","type":"TABLE","symbol":"<DB>"},{"schema":"DWH","name":"HISTORIZATION","type":"PACKAGE","symbol":"<DB>"},{"schema":"DWH","name":"PARTY","type":"TABLE","symbol":"<DB>"}]},{"ddl":{"schema":"DWH","name":"SEQ_PARTY_KEY","type":"SEQUENCE"},"dependencies":[]},{"ddl":{"schema":"LOAN","name":"MSISDN","type":"TABLE"},"dependencies":[]},{"ddl":{"schema":"DWH","name":"TEST_SYNONYMS","type":"PACKAGE_BODY"},"dependencies":[{"schema":"DWH","name":"SYN_TEST_3","type":"TABLE","symbol":"<DB>"},{"schema":"DWH","name":"SYN_TEST_2_SYNONYM","type":"SYNONYM","symbol":"<DB>"},{"schema":"DWH","name":"SYN_TEST_1","type":"TABLE","symbol":"<DB>"},{"schema":"DWH","name":"TEST_SYNONYMS","type":"PACKAGE","symbol":"<DB>"}]},{"ddl":{"schema":"DWH","name":"SEGMENT_H","type":"TABLE"},"dependencies":[]},{"ddl":{"schema":"PUBLIC","name":"DBMS_CLRDBLINK","type":"DATABASE_LINK"},"dependencies":[]},{"ddl":{"schema":"DWH","name":"TESTFN","type":"FUNCTION"},"dependencies":[]},{"ddl":{"schema":"DWH","name":"T2","type":"TABLE"},"dependencies":[]},{"ddl":{"schema":"DWH","name":"IMPORT_LOAN","type":"PACKAGE"},"dependencies":[]},{"ddl":{"schema":"DWH","name":"SYN_TEST_1","type":"TABLE"},"dependencies":[]},{"ddl":{"schema":"DWH","name":"DYNAMIC_TBL","type":"TABLE"},"dependencies":[]},{"ddl":{"schema":"DWH","name":"SYN_TEST_3","type":"TABLE"},"dependencies":[]},{"ddl":{"schema":"LOAN","name":"CD_COUNTRY","type":"TABLE"},"dependencies":[]},{"ddl":{"schema":"PUBLIC","name":"REP_CLIENT_SYN_PUBLIC","type":"SYNONYM"},"dependencies":[{"schema":"DWH","name":"REP_CLIENT","type":"TABLE","symbol":"<DB>"}]},{"ddl":{"schema":"DWH","name":"LOAN","type":"TABLE"},"dependencies":[]},{"ddl":{"schema":"DWH","name":"HISTORIZATION","type":"PACKAGE"},"dependencies":[]},{"ddl":{"schema":"LOAN","name":"BALANCES","type":"TABLE"},"dependencies":[]},{"ddl":{"schema":"DWH","name":"TEST_TL","type":"PACKAGE"},"dependencies":[]},{"ddl":{"schema":"DWH","name":"PARTY","type":"TABLE"},"dependencies":[]},{"ddl":{"schema":"DWH","name":"IMPORT_CRM","type":"PACKAGE"},"dependencies":[]},{"ddl":{"schema":"DWH","name":"T1X","type":"TABLE"},"dependencies":[]},{"ddl":{"schema":"LOAN","name":"LOAN_CUSTOMER_PERSON","type":"TABLE"},"dependencies":[]},{"ddl":{"schema":"DWH","name":"PARTY_ADDR_H","type":"TABLE"},"dependencies":[]},{"ddl":{"schema":"DWH","name":"PARTY_H","type":"TABLE"},"dependencies":[]},{"ddl":{"schema":"DWH","name":"REPORTING","type":"PACKAGE_BODY"},"dependencies":[{"schema":"DWH","name":"CD_SEGMENT","type":"TABLE","symbol":"<DB>"},{"schema":"DWH","name":"PARTY_H","type":"TABLE","symbol":"<DB>"},{"schema":"DWH","name":"REP_CLIENT","type":"TABLE","symbol":"<DB>"},{"schema":"DWH","name":"SEGMENT_H","type":"TABLE","symbol":"<DB>"},{"schema":"DWH","name":"ADDR_PURP","type":"TABLE","symbol":"<DB>"},{"schema":"DWH","name":"REPORTING","type":"PACKAGE","symbol":"<DB>"},{"schema":"DWH","name":"CD_COUNTRY","type":"TABLE","symbol":"<DB>"},{"schema":"DWH","name":"PARTY_ADDR_H","type":"TABLE","symbol":"<DB>"}]},{"ddl":{"schema":"DWH","name":"FOO","type":"PROCEDURE"},"dependencies":[]},{"ddl":{"schema":"DWH","name":"TEST_TL_FNC3","type":"FUNCTION"},"dependencies":[]},{"ddl":{"schema":"DWH","name":"TEST_TL_FNC1","type":"FUNCTION"},"dependencies":[]},{"ddl":{"schema":"DWH","name":"TL_TEST_2","type":"TABLE"},"dependencies":[]},{"ddl":{"schema":"PUBLIC","name":"REP_CLIENT","type":"SYNONYM"},"dependencies":[{"schema":"DWH","name":"REP_CLIENT","type":"TABLE","symbol":"<DB>"}]},{"ddl":{"schema":"DWH","name":"CD_SEGMENT","type":"TABLE"},"dependencies":[]},{"ddl":{"schema":"DWH","name":"REPORTING","type":"PACKAGE"},"dependencies":[]},{"ddl":{"schema":"DWH","name":"ADDR_PURP","type":"TABLE"},"dependencies":[]},{"ddl":{"schema":"DWH","name":"IMPORT_LOAN","type":"PACKAGE_BODY"},"dependencies":[{"schema":"DWH","name":"IMPORT_LOAN","type":"PACKAGE","symbol":"<DB>"},{"schema":"DWH","name":"CD_GENDER","type":"TABLE","symbol":"<DB>"},{"schema":"DWH","name":"CD_COUNTRY","type":"TABLE","symbol":"<DB>"},{"schema":"DWH","name":"LOAN_CUSTOMER_CORPORATE","type":"TABLE","symbol":"<DB>"},{"schema":"DWH","name":"LOAN_CUSTOMER_PERSON","type":"TABLE","symbol":"<DB>"},{"schema":"DWH","name":"PARTY","type":"TABLE","symbol":"<DB>"},{"schema":"DWH","name":"LOAD_LOG","type":"TABLE","symbol":"<DB>"},{"schema":"DWH","name":"LOAN_CUSTOMER","type":"TABLE","symbol":"<DB>"},{"schema":"DWH","name":"SEQ_PARTY_KEY","type":"SEQUENCE","symbol":"<DB>"}]},{"ddl":{"schema":"DWH","name":"TYPE1","type":"TYPE"},"dependencies":[]},{"ddl":{"schema":"DWH","name":"CRM_CLIENT","type":"TABLE"},"dependencies":[]}]}